<?xml version="1.0" encoding="UTF-8" ?>
<!DOCTYPE mapper PUBLIC "-//mybatis.org//DTD Mapper 3.0//EN" "http://mybatis.org/dtd/mybatis-3-mapper.dtd" >
<mapper namespace="com.mapper.ListSongMapper">
    <resultMap id="BaseResultMap" type="ListSong">
        <id column="id" property="id"/>
        <result column="song_id" property="songId"/>
        <result column="song_list_id" property="songListId"/>
    </resultMap>
    <sql id="Base_Column_List">
        id, song_id, song_list_id
    </sql>
    <select id="allListSong" resultMap="BaseResultMap">
        select *
        from t_list_song
    </select>
    <select id="selectByPrimaryKey" resultMap="BaseResultMap" parameterType="Integer">
        select
        <include refid="Base_Column_List"/>
        from t_list_song
        where id = #{id}
    </select>
    <select id="listSongOfSongId" resultMap="BaseResultMap" parameterType="Integer">
        select *
        from t_list_song
        where song_list_id = #{songListId}
    </select>
    <delete id="deleteListSong" parameterType="Integer">
        delete from t_list_song
        where song_id = #{song_id}
    </delete>
    <insert id="insertSelective" parameterType="ListSong">
        insert into t_list_song
        <trim prefix="(" suffix=")" suffixOverrides=",">
            <if test="id != null">
                id,
            </if>
            <if test="songId != null">
                song_id,
            </if>
            <if test="songListId != null">
                song_list_id,
            </if>
        </trim>
        <trim prefix="values (" suffix=")" suffixOverrides=",">
            <if test="id != null">
                #{id},
            </if>
            <if test="songId != null">
                #{songId},
            </if>
            <if test="songListId != null">
                #{songListId},
            </if>
        </trim>
    </insert>
    <update id="updateListSongMsg" parameterType="ListSong">
        update t_list_song
        <set>
            <if test="songId != null">
                song_id = #{songId},
            </if>
            <if test="songListId != null">
                song_list_id = #{songListId},
            </if>
        </set>
        where id = #{id}
    </update>
    <update id="updateByPrimaryKey" parameterType="ListSong">
        update t_list_song
        set song_id = #{songId},
        song_list_id = #{songListId}
        where id = #{id}
    </update>
</mapper>
